threshold,precision,recall,f1,predicted_positive_pct
0.1,0.17604239147888454,0.9933554817275747,0.2990815677002819,96.24459097465486
0.15,0.17932663261382983,0.9861069163394744,0.3034668649502742,93.79249948485473
0.2,0.18431126092669828,0.9743279975838115,0.3099836648409724,90.16587677725119
0.25,0.1911496904212699,0.9510721836303232,0.31832196108162747,84.8650319390068
0.3,0.2020356572645024,0.9172455451525219,0.3311344927220193,77.43663713167112
0.35,0.21798676101346726,0.8652974932044699,0.3482435881852437,67.70554296311559
0.4,0.2371960452480627,0.8042887345212927,0.366350254505434,57.83535957139914
0.45,0.2590139009556907,0.7203261854424645,0.38102084831056793,47.434576550587266
0.5,0.29245018243053605,0.6294170945333736,0.3993484717830794,36.70925200906655
0.55,0.3378898729303042,0.5300513440048323,0.4126984126984127,26.756645373995468
0.6,0.39259054465026266,0.4288734521292661,0.40993071593533487,18.632804450855144
0.65,0.4454649827784156,0.35155542132286316,0.39297771775827145,13.460745930352358
0.7,0.4935790061418202,0.26698882512836003,0.34653077224617795,9.226251803008449
0.75,0.5430292598967298,0.19057686499546964,0.282137268052761,5.9859880486297135
0.8,0.6452599388379205,0.12745394140742977,0.2128625472887768,3.369050072120338
0.85,0.7236363636363636,0.060102688009664756,0.11098717233686559,1.4166494951576343
0.9,0.8,0.01570522500755059,0.030805687203791468,0.33484442612816817
